variable,description,n_pos,n_neg,missing_pos,missing_neg,median_pos,median_neg,p10_pos,p90_pos,p10_neg,p90_neg,ks_statistic,univariate_auc,separability
koi_count,KOIs on the star,2675,3964,0,0,2.0,1.0,1.0,4.0,1.0,1.0,0.46521808425360966,0.7369543178324547,0.7369543178324547
koi_prad,Planet radius [R_earth],2674,3910,1,54,2.15,17.064999999999998,1.15,4.237000000000003,0.89,88.66699999999997,0.5164023360311574,0.3040544831636274,0.6959455168363726
koi_impact,Impact parameter,2674,3910,1,54,0.41,0.729,0.022,0.9057000000000003,0.113,1.248,0.3157680190218587,0.30481285161458166,0.6951871483854184
koi_period,Orbital period [d],2675,3964,0,0,11.1895709,3.9320422955,2.761789168,60.22911921599998,0.7395094608,102.23660234600038,0.3384146099946246,0.6577902053056952,0.6577902053056952
koi_steff,Stellar Teff [K],2674,3910,1,54,5618.0,5853.0,4541.6,6164.0,4918.9,6602.0,0.20378964242195852,0.3683172904946181,0.6316827095053819
koi_depth,Transit depth [ppm],2674,3910,1,54,446.75,807.5,114.7,1590.9900000000018,66.47000000000001,202507.69999999998,0.3418081095401967,0.40098036027522777,0.5990196397247722
koi_model_snr,Model SNR,2674,3910,1,54,28.6,47.7,14.4,109.09000000000019,9.8,1701.2899999999997,0.3027627987229492,0.41370954937859505,0.586290450621405
koi_srad,Stellar radius [R_sun],2674,3910,1,54,0.963,1.005,0.6536000000000001,1.4821000000000009,0.722,2.682999999999999,0.16649578110324492,0.42003975958696704,0.579960240413033
koi_duration,Transit duration [h],2675,3964,0,0,3.471,4.028095,1.74588,7.3395399999999995,1.6442999999999999,13.39,0.12175617944679684,0.4354310287918368,0.5645689712081632
koi_kepmag,Kepler magnitude,2675,3963,0,1,14.621,14.486,12.7208,15.714,12.3186,15.805,0.07812716223195398,0.5185606580495754,0.5185606580495754
