kepid,kepoi_name,koi_disposition,n_kois_on_star,koi_period,koi_duration_h,koi_depth_catalog_ppm,depth_m1_running_median_ppm,depth_masked_spline_ppm,ratio_new_over_old,oot_scatter_old_ppm,oot_scatter_new_ppm
2708203,K04045.01,FALSE POSITIVE,1,1.89125855,5.415,67.9,68.40778268391023,81.11060909554712,1.1856927079530184,184.43840851774814,163.871334617819
2975770,K01788.01,CONFIRMED,2,71.52543938,5.9189,5904.3,5539.850763421117,5762.696006543111,1.0402258567312699,444.85807514362824,293.26467985638743
2975770,K01788.02,FALSE POSITIVE,2,369.069345,5.832,945.9,510.72624426340417,956.8284447416531,1.873466373598327,444.85807514362824,293.26467985638743
3127817,K06308.01,FALSE POSITIVE,1,2.163569702,7.60963,54518.0,46155.238088730235,45686.7873932012,0.9898505410235676,12701.889399702708,169.73715382007103
3324986,K03084.01,FALSE POSITIVE,1,1.540411479,1.703,107.1,104.76523616476108,101.96592642475188,0.9732801658022628,409.5001680732061,396.44884362962637
3328026,K01994.01,FALSE POSITIVE,1,2.115498574,6.738,444.2,381.09606018821296,431.4421764720633,1.1321087293817358,585.4021451889898,561.2858163364817
3732894,K04476.01,FALSE POSITIVE,1,1.540379557,2.026,76.9,70.7524571426088,68.94242094979131,0.974417338055565,271.800317563279,259.8993327502885
3765771,K01189.01,FALSE POSITIVE,1,2.783883492,2.4546,903.9,771.3317866533398,782.7725372573368,1.0148324635415795,303.84444614600375,267.9855144729684
3848275,K02995.01,CONFIRMED,1,5.19492747,3.167,272.9,230.0059699947843,238.15243627067773,1.0354184992505984,575.9221731487316,555.4888632119121
3869014,K01205.01,CONFIRMED,1,8.63847391,5.4566,395.9,378.9442019180855,366.8742216745846,0.9681483970927466,328.39183653727963,311.31223427669374
3937814,K04084.01,CONFIRMED,2,214.881456,9.581,759.2,647.2012740640354,827.3303098418339,1.2783199647409473,463.9690344194676,445.6274183211372
3937814,K04084.03,CANDIDATE,2,8.19619768,2.109,197.4,131.99965682786365,170.63270961581446,1.2926754032272287,463.9690344194676,445.6274183211372
3942670,K00392.01,CONFIRMED,2,33.4160553,8.605,275.8,239.18029421154952,267.0531200182902,1.1165347918758215,205.72598173733,196.80480393682757
3942670,K00392.02,CONFIRMED,2,12.6119685,6.372,76.5,66.75902303066027,88.44854427536575,1.3248927300021178,205.72598173733,196.80480393682757
3955817,K04117.01,CONFIRMED,1,4.24263096,2.582,187.6,168.49748499514482,177.53901638983825,1.0536597409448216,408.7135489009443,394.7600500931463
3970117,K03556.01,FALSE POSITIVE,1,110.29512684,16.5339,176336.0,163459.25150067254,164375.22705493256,1.0056036935557378,9920.308451958885,1138.6073982568957
4049108,K00495.01,FALSE POSITIVE,1,4.804469031,3.4587,744.4,658.9391370513953,670.0077314795161,1.016797597540875,330.1816539939573,305.3734390244884
4271474,K03324.01,CONFIRMED,1,21.8634638,3.542,871.0,626.6083302234326,816.1594256481663,1.3025033123277256,901.5351882889811,697.4147078209554
4275739,K01317.01,FALSE POSITIVE,1,2.171827838,3.2205,42086.0,35605.80747868258,35848.68242543737,1.0068212172101476,6752.484983099548,598.1966300250294
4472818,K03878.01,CONFIRMED,2,70.9672087,6.9623,784.7,407.1424984442018,806.1612986108858,1.9800470392833942,240.99211214493505,119.7835318099078
4472818,K03878.02,CANDIDATE,2,15.3573445,1.634,117.1,50.00783545339171,118.81200880592414,2.375867856081459,240.99211214493505,119.7835318099078
4678875,K03664.01,FALSE POSITIVE,1,1.87887673,6.60887,824392.0,656269.3429509667,647465.1346012906,0.9865844588898709,178109.43094953353,25262.823750647432
4769931,K04058.01,FALSE POSITIVE,1,1.87886973,3.876,181.9,205.0308557269842,190.47846181530215,0.9290233957221551,961.1624006110128,246.07441313619458
5000179,K06485.01,FALSE POSITIVE,1,3.6329347,2.3,,2633.6870491542318,596.2648243916791,0.22639926964107615,5664.669447076327,282.83040850002016
5112567,K04043.01,FALSE POSITIVE,1,1.6156052,14.55,1582.0,139.62062544037312,443.9680958698844,3.1798174121450775,511.6578548793072,342.6834655752872
5271608,K01673.01,FALSE POSITIVE,1,2.49047468,2.2003,222.2,188.66414236828888,192.86979018251492,1.0222917177659347,423.3021358933731,405.57104250902347
5280587,K03274.01,CONFIRMED,1,35.6225528,4.845,651.1,444.7665511976284,642.1086122753161,1.4436980715980152,566.1590555939121,424.3290794760785
5374854,K00645.01,CONFIRMED,2,8.50339249,2.9569,188.9,179.85835294098695,194.261824210451,1.080082303846016,160.16370203631004,151.47698217653092
5374854,K00645.02,CONFIRMED,2,23.7832097,7.939,256.5,224.56015153116127,312.9592569323103,1.3936544609468804,160.16370203631004,151.47698217653092
5445681,K03039.01,CONFIRMED,1,20.3504704,7.225,101.8,81.98519469559962,127.22868147130306,1.551849476526666,168.98605046740565,163.04149090869714
5562784,K00608.01,FALSE POSITIVE,1,25.33709016,9.664,2279.4,1776.39560480225,2215.7150372201786,1.2473094569871073,428.33776689937145,330.55575054716763
5649206,K03636.01,FALSE POSITIVE,1,2.446736567,5.0201,415859.0,337517.9682903012,337515.177454908,0.9999917312983146,73262.2467595139,5380.110985985356
5689351,K00505.01,CONFIRMED,5,13.76710058,2.9105,684.8,638.2407659266676,666.6133621580084,1.0444543779495914,284.5857297829077,242.97778697167576
5689351,K00505.02,CONFIRMED,5,6.1954595,2.952,296.4,256.74104992501333,294.91232455336467,1.1486761647173294,284.5857297829077,242.97778697167576
5689351,K00505.03,CONFIRMED,5,3.25058201,2.2537,218.4,189.79901256133135,208.42105983676083,1.0981145635276264,284.5857297829077,242.97778697167576
5689351,K00505.04,CONFIRMED,5,8.34819209,2.835,288.9,250.65265856216712,289.0926937112459,1.1533597743171147,284.5857297829077,242.97778697167576
5689351,K00505.05,CONFIRMED,5,87.0912594,7.0,1129.1,908.3532331276567,1041.7524428939507,1.146858297962976,284.5857297829077,242.97778697167576
5780460,K01005.01,CONFIRMED,1,35.61760233,8.4559,4634.9,4357.843063412581,5725.128899589982,1.3137528856091238,676.0084438617877,541.0754644728669
5866724,K00085.01,CONFIRMED,3,5.859935955,4.0185,322.8,312.7773317471716,320.46088523374203,1.024565570157051,74.62587677664285,46.077128337424135
5866724,K00085.02,CONFIRMED,3,2.154911236,3.1341,99.7,101.37711790225711,106.418773904271,1.0497316959323584,74.62587677664285,46.077128337424135
5866724,K00085.03,CONFIRMED,3,8.13121389,4.2386,111.8,117.38615555023645,123.52546377047969,1.0523001046542995,74.62587677664285,46.077128337424135
5881688,K00843.01,CONFIRMED,1,4.190425659,2.8589,2877.4,2798.281278786452,2810.7324363764174,1.0044495732735508,583.6750352043798,406.43693665145395
6056992,K00051.01,FALSE POSITIVE,1,10.431146765,3.8853,29375.6,25178.462535255352,25186.099675994832,1.0003033203766427,2610.201503864813,1036.1722055450898
6103377,K03004.01,CONFIRMED,2,20.0708757,6.354,405.7,394.8547327491392,321.1948239398854,0.8134506118328542,409.1041971298726,391.0887831772302
6103377,K03004.02,CANDIDATE,2,7.03965141,3.141,268.7,230.56726444381502,254.65310775629746,1.1044634127510833,409.1041971298726,391.0887831772302
6342333,K02065.01,CONFIRMED,1,80.2321467,4.656,888.7,867.4968219359869,867.0396042322892,0.9994729459611422,280.5080905661729,269.34531149318815
6449358,K06147.01,FALSE POSITIVE,1,5.776794344,6.33505,121544.0,116141.59134772916,116075.41075057426,0.9994301731499721,19119.584763750398,1853.278451947648
6519865,K07782.01,FALSE POSITIVE,1,0.566813677,2.458,61.2,27.726670920102947,44.74208379134925,1.6136839478593676,633.5819507740255,495.7262167009121
6620003,K01225.01,FALSE POSITIVE,1,1.714274727,2.06728,28460.1,24260.80499528749,24288.168897808937,1.0011279057940066,4151.809832794461,593.7654076165917
6878240,K02681.01,CONFIRMED,2,135.4978256,6.769,5038.1,4756.732855124235,4487.045922551114,0.9433041667911625,641.7969355238288,595.1053401437094
6878240,K02681.02,CONFIRMED,2,22.2508509,1.745,618.7,563.0117299847415,584.7665988537588,1.0386401698408785,641.7969355238288,595.1053401437094
6929285,K04572.01,FALSE POSITIVE,1,4.60690612,4.176,137.5,126.86873867684412,151.39832032162735,1.1933461457929693,393.80187271581906,381.0186804604432
7032117,K06809.01,FALSE POSITIVE,1,0.566809491,3.156,69.5,59.97843217908638,73.05144533975572,1.2179619020656514,335.8167369999093,318.4841077014538
7032568,K07576.01,FALSE POSITIVE,1,0.566792936,2.846,23.0,23.03679879256393,27.507241409652217,1.1940565899516953,165.64090915270404,163.0464420387998
7098355,K00454.01,CONFIRMED,1,29.00789166,5.0274,906.3,870.0212355861048,955.5883254865894,1.0983505762854637,330.97771929268976,313.83652161516204
7103919,K04310.01,CONFIRMED,1,10.7769944,2.616,185.6,154.1801534250542,195.85653391007708,1.2703096316821443,304.86176436962705,254.05464503925685
7177892,K06838.01,FALSE POSITIVE,1,1.386249249,2.99104,47187.6,44570.822448139705,48015.83455028447,1.0772929892903187,10229.632150291594,4789.323053113827
7203194,K06846.01,FALSE POSITIVE,1,2.24572117,3.88,48.2,46.28781519433467,50.11065880777821,1.0825885515960025,212.45884585356848,204.68580271092483
7428316,K02809.01,FALSE POSITIVE,1,7.12684695,3.179,206.3,209.4920272640577,213.18294965955164,1.017618438485211,299.2754893434329,288.9253217461346
7428736,K02827.01,CONFIRMED,1,7.06321927,2.411,207.2,161.15013829676172,197.3395119725385,1.2245692995257205,327.0577421858325,258.0711227773013
7668663,K01898.01,CONFIRMED,1,6.4980147,2.4384,190.9,178.1081317473454,186.56876004752297,1.0475027626036715,123.9636322834242,116.5436553168377
7679812,K03943.01,CONFIRMED,1,38.5763483,19.861,282.1,121.51380164104886,274.8703420775156,2.2620503874076885,160.15721926901574,153.5682598727901
7691527,K06905.01,FALSE POSITIVE,1,4.800232532,3.57105,277001.0,229120.25570645067,229974.9543934444,1.0037303497430135,57482.967041206444,51004.09470028896
7749773,K02848.01,CONFIRMED,1,13.7872627,5.747,75.1,69.41490309508858,79.86139065052633,1.1504934400200422,89.94385083907827,83.85256789497828
7825899,K00896.01,CONFIRMED,3,16.23947096,4.0374,2590.7,2442.3795503611955,2529.0586880346577,1.0354896263607527,511.3919960497809,407.2780431447032
7825899,K00896.02,CONFIRMED,3,6.308201629,2.9785,1328.5,1284.9728269900274,1315.0737008749136,1.023425299938362,511.3919960497809,407.2780431447032
7825899,K00896.03,CANDIDATE,3,28.8672107,3.782,347.1,293.14664372370737,340.61248908456855,1.161918433579605,511.3919960497809,407.2780431447032
7870032,K01818.01,CONFIRMED,1,16.87725775,3.7917,818.4,681.8361290793496,847.1372859808479,1.2424353152489829,308.1622145474908,243.91574544659667
7908367,K06166.01,CONFIRMED,2,12.2064304,2.407,1337.2,1257.3115121004007,1204.0571514695398,0.9576442591049716,297.39797819530156,206.10017040044437
7908367,K06166.02,CONFIRMED,2,6.6513189,2.135,1058.4,818.7302922170181,943.4382032592614,1.15231867225109,297.39797819530156,206.10017040044437
8046689,K03092.01,FALSE POSITIVE,1,5.78542702,2.271,256.2,235.3297125965437,248.08826961686404,1.054215665669868,436.84007493003196,418.03658928169307
8087812,K04343.01,CONFIRMED,1,27.2106807,10.515,99.4,79.75598156817476,98.93165294927454,1.2404292568916422,158.75467578162392,152.5456004239245
8127648,K03713.01,FALSE POSITIVE,1,1.023470248,2.3804,129526.0,110546.36936189965,110852.43188341676,1.0027686347664222,27489.59047402793,4057.826361659936
8226720,K08154.01,FALSE POSITIVE,1,391.33068,12.37,277.2,179.22813359583233,218.9448354127377,1.22159859069039,200.79731516154175,193.9476954460741
8231667,K03494.01,CONFIRMED,1,42.8774169,1.991,1068.8,970.1499406175041,944.6515164662773,0.973717027560712,629.5375334371771,586.3002179960422
8246781,K01067.01,FALSE POSITIVE,1,185.02288222,4.87326,43546.7,37237.05060130755,37212.67691147534,0.9993454452101168,1014.279403654185,246.92340936337692
8263752,K03338.01,FALSE POSITIVE,2,10.99381963,3.7889,1685.8,1672.8409299878733,1675.7468805844721,1.0017371350404607,453.41267771972895,164.20025324147065
8263752,K03338.02,FALSE POSITIVE,2,10.9938087,5.0403,1456.9,2955.6441579348116,2966.5944692576218,1.0037048814869722,453.41267771972895,164.20025324147065
8311864,K07016.01,CONFIRMED,1,384.847556,9.969,189.9,128.67432422469793,159.3461250473105,1.2383676852971215,128.40347184153242,123.72682392811846
8416523,K04441.01,CONFIRMED,1,0.341842017,1.1554,285.6,248.59330483761877,260.1423834805994,1.0464577219829974,303.26670418743987,284.8761079763407
8480642,K05521.01,FALSE POSITIVE,1,31.59115876,2.6431,1434.4,1231.3938197463515,1235.3271444249804,1.003194205310726,186.78796973256908,171.01043621599896
8611781,K02185.01,CONFIRMED,1,76.957056,9.551,367.1,322.20562898843673,369.4450631033242,1.146612690359245,227.5130424189143,216.93544532014988
8645191,K04311.01,FALSE POSITIVE,1,0.918921494,0.9425,321.0,259.43316247001303,282.98105232582583,1.0907666916273073,594.3813707551982,572.0430919233867
8681734,K02340.01,CONFIRMED,1,7.68478504,2.447,274.1,267.0221038946208,279.96658608575586,1.0484771934695098,310.6449130375001,298.8825758847113
8868657,K07102.01,FALSE POSITIVE,1,4.4473549,18.99,203.6,96.35560149945377,1107.0121280366552,11.488819651475382,602.4438069600352,583.7944114374367
8878681,K07103.01,FALSE POSITIVE,1,2.496328637,2.73115,20527.0,18404.598472904432,17514.132169623277,0.9516171839015062,3528.361609611786,242.17325266167862
8939650,K05587.01,FALSE POSITIVE,1,1.827660875,3.986,46676.8,39783.619861053274,39729.74884554648,0.9986458996015208,8950.678193724756,329.4678764368802
9346253,K01388.01,FALSE POSITIVE,1,34.064566412,9.6114,28450.4,27503.407760033904,27680.418252997497,1.0064359476653948,2485.177921632683,439.69106486812143
9410930,K00196.01,CONFIRMED,1,1.855557556,2.35672,10570.1,10218.646430301458,10212.970506425445,0.9994445522785501,1947.609270820681,235.108111646303
9411166,K01922.01,CONFIRMED,2,1.954525966,2.0944,392.8,371.24463825366496,383.1522866144521,1.0320749369386202,429.78280175601316,407.93076235259605
9411166,K01922.03,CONFIRMED,2,105.6552651,9.39,1366.9,1248.5269548608846,1862.378105559337,1.4916603108235256,429.78280175601316,407.93076235259605
9512687,K00942.01,CONFIRMED,1,11.51517167,2.006,1357.4,1297.645514736101,1297.8638302217905,1.0001682396950557,444.56665889122445,409.94741861212634
9535881,K04228.01,FALSE POSITIVE,1,0.960842633,2.6441,2022.9,1576.458639809375,1640.0609335142092,1.0403450443282958,825.3775885808153,728.2873988244334
9549472,K06206.01,FALSE POSITIVE,1,15.713787218,11.3122,60384.4,53131.86056026975,53500.03839632067,1.0069295114488468,6871.978428378705,606.2154066946745
9597345,K00711.01,CONFIRMED,3,44.6996563,6.2289,837.7,811.1358623756893,840.2338887224525,1.0358731843781877,187.50379149788364,169.54029057950623
9597345,K00711.02,CONFIRMED,3,3.619309734,3.0504,206.6,196.03782857158248,192.7755127619779,0.9833587433947047,187.50379149788364,169.54029057950623
9597345,K00711.03,CONFIRMED,3,124.5245224,9.654,689.9,613.3540453933106,662.5392359843607,1.0801905375214578,187.50379149788364,169.54029057950623
9602613,K02612.01,CONFIRMED,2,4.61225043,2.695,29.1,30.327275094443884,26.94471669684173,0.8884648097440889,65.95843960779149,62.74583242985699
9602613,K02612.02,CANDIDATE,2,7.57299816,2.645,30.2,27.753880859182622,26.455278382075953,0.9532100579484539,65.95843960779149,62.74583242985699
9726659,K01491.01,CONFIRMED,1,3.148661555,2.1978,550.5,524.6905517451994,537.4319893691747,1.0242837184347906,459.6999161726902,431.78245740367163
9827094,K08186.01,FALSE POSITIVE,1,241.8591,12.77,659.0,990.1514420201929,3714.844644684745,3.7517944094545745,1906.483016054373,194.6022499408576
9881077,K02751.01,CONFIRMED,1,24.4004378,2.987,860.5,804.2718322422982,829.2991833626085,1.0311180251713334,613.8881866147649,562.4987485668505
9973109,K02018.01,CONFIRMED,2,27.495634,4.858,483.3,501.8569403878459,540.6107894103674,1.0772209087963827,347.72780494429315,330.24855524247937
9973109,K02018.02,CANDIDATE,2,16.0988294,5.686,160.2,108.80885379460636,128.10128851215018,1.177305743464234,347.72780494429315,330.24855524247937
9996632,K02621.01,FALSE POSITIVE,1,8.44326557,3.353,359.5,339.0600082618933,347.17398224493047,1.0239307903772887,499.95655191613645,481.2347304104577
10030778,K03265.01,FALSE POSITIVE,1,29.47316279,6.4327,12568.5,10838.154538168166,11428.220549577705,1.0544434026412461,1262.5420100907647,963.6541026455798
10155434,K00473.01,CONFIRMED,1,12.70636123,2.395,871.7,782.7907143540535,800.1877909363797,1.0222244289096887,286.9021148865949,269.84520725386983
10214162,K01724.01,CONFIRMED,1,17.42393582,4.929,770.9,685.2336505139833,695.6957538124531,1.0152679356751122,476.96068853815734,458.47671927893725
10386984,K00739.01,CONFIRMED,1,1.287076693,1.4942,729.4,674.9900252768226,692.4315212171184,1.0258396350866708,535.6518751808229,499.95653051287695
10388286,K00596.01,CONFIRMED,1,1.682695938,1.3867,703.8,656.2812195316515,669.8369616047195,1.0206553862424128,372.3199259439625,333.195529357606
10395381,K00740.01,CONFIRMED,1,17.6717714,3.4202,918.6,829.3103531639146,831.3977863577682,1.0025170711855818,460.61031390333113,440.37209171655593
10461045,K08209.01,FALSE POSITIVE,1,385.97241,12.167,162.0,130.32355760711488,163.46675702505476,1.254314722729227,112.76682979460341,107.22200845582282
10471243,K08019.01,FALSE POSITIVE,1,0.93376131,3.747,55.6,51.167998756040944,53.767611245425506,1.0508054360652057,476.97962313731495,459.0623172979751
10547378,K05802.01,FALSE POSITIVE,1,35.164087,86.05,1528.9,72.48822524708044,512466.33835542685,7069.6494031776165,253.12850973348029,228.45146764892672
10554999,K00534.01,CONFIRMED,2,6.400157105,2.0004,743.2,701.5210231452462,718.9632056134876,1.024863378135184,326.6353880032847,302.03794688055103
10554999,K00534.02,CONFIRMED,2,2.735900074,1.9359,428.9,412.4813552113249,416.9997597952557,1.0109542032066297,326.6353880032847,302.03794688055103
10593759,K00025.01,FALSE POSITIVE,1,3.132604547,3.6337,9969.2,8430.700133409962,8602.301990370375,1.020354401680161,1462.4726490703179,151.39235216714772
10854555,K00755.01,CONFIRMED,1,2.525591777,1.6545,603.3,573.495028076243,583.0669309343506,1.0166904722613133,517.3156446936653,477.9585395027158
10857519,K02075.01,CONFIRMED,1,2.053341891,2.596,65.5,57.60303912361042,65.9580586686026,1.1450447697223602,87.14161108394373,71.25978331733445
10881457,K03484.01,CONFIRMED,1,84.704139,10.393,655.7,479.3831516008984,625.3047672981627,1.3043945437171907,512.2955507003304,489.8637175784219
10935310,K06083.01,FALSE POSITIVE,1,4.128795314,2.771,154870.0,130917.29109176065,131257.27761306704,1.0025969565858805,16507.192322737446,1031.2417231899162
10963065,K01612.01,CONFIRMED,1,2.465024332,1.262,30.7,29.556876830261203,30.15437127928955,1.0202150738882063,40.09407630922799,37.96341569307898
11027624,K01439.01,CONFIRMED,1,394.6249514,24.108,2013.3,361.5359819594266,2013.724014483631,5.569913134426607,107.35497794051345,101.08318802921109
11389771,K01436.01,CONFIRMED,3,2.508553286,2.2664,211.6,184.7524034704895,189.2529980325186,1.024360140801892,292.6609562838156,265.7688240004254
11389771,K01436.02,CONFIRMED,3,13.75129636,3.853,348.5,367.98164814422216,394.7243389339494,1.0726739795981513,292.6609562838156,265.7688240004254
11389771,K01436.03,CONFIRMED,3,5.41908491,2.3379,231.0,198.84418811733084,210.51812336236875,1.05870895878611,292.6609562838156,265.7688240004254
11403389,K02482.01,CONFIRMED,1,45.0909201,4.605,436.3,388.07124914552736,486.2641507574761,1.2530280246943164,328.8853905108358,306.55003011588394
11497958,K01422.01,CONFIRMED,5,5.841636615,1.8734,1336.3,1255.15392097042,1271.7914595760105,1.0132553771514552,723.2721876349897,662.5742426611833
11497958,K01422.02,CONFIRMED,5,19.85029495,2.8407,1607.5,1569.1448008798848,1610.3989867620737,1.0262908724924915,723.2721876349897,662.5742426611833
11497958,K01422.03,CONFIRMED,5,10.8644095,1.853,748.7,712.6799765626579,730.8144398621153,1.025445450827624,723.2721876349897,662.5742426611833
11497958,K01422.04,CONFIRMED,5,63.3354719,3.651,983.0,958.6767869095291,982.857221947242,1.025222718822329,723.2721876349897,662.5742426611833
11497958,K01422.05,CONFIRMED,5,34.1420506,2.945,788.0,812.4509039185713,861.7269005953832,1.0606510454221252,723.2721876349897,662.5742426611833
11513441,K05908.01,FALSE POSITIVE,1,85.5692223,4.954,539.2,550.0468882239096,491.1673057471644,0.8929553393768553,280.44317959307375,270.5195026644934
11656721,K00541.01,CONFIRMED,1,13.64617478,3.4098,633.0,604.3103165227492,599.6108755244034,0.9922234638895678,328.05707266869973,313.48289185339036
11968490,K07500.01,FALSE POSITIVE,1,0.539445498,2.2821,25302.2,21512.757533018845,21813.27340819361,1.0139691936151616,7066.5148925419435,1590.013395237639
12024120,K00265.01,CONFIRMED,1,3.568099612,3.2131,98.4,93.45313888575734,96.01124381708459,1.0273731301251896,79.3766857195247,73.72528097777135
12555140,K08239.01,FALSE POSITIVE,1,655.25732,20.05,268.2,113.91533250737496,180.5011519707689,1.5845202572628503,217.1084884658675,209.31738254090843
12736658,K05980.01,FALSE POSITIVE,1,0.855294909,2.89112,6771.6,5929.317036317494,5873.986615893223,0.9906683315995133,1894.2417068091909,1357.9265610308819
