case,method,mean_relative_depth_error,rms_relative_depth_error,max_abs_relative_depth_error,trend_error_rms_ppm,acceptance_case,passes
extreme_fast_rotator,robust_spline_blind,0.720356684388257,0.7725113442789938,0.9389260858102002,921.5647052083821,False,False
extreme_fast_rotator,robust_spline_masked,0.4461344166082414,0.5820633410379722,0.8956817720871089,3151.037985651762,False,False
extreme_fast_rotator,running_median_blind,1.5973998283905606,1.604368617854057,1.8503337375232467,6538.402778162548,False,False
extreme_fast_rotator,running_median_masked,2.3579492902804198,2.363777855824661,2.61380607110828,6598.470490778491,False,False
low_variability,robust_spline_blind,-0.004492465010471097,0.00560512595059278,0.00948424812204395,26.85896739879744,True,True
low_variability,robust_spline_masked,0.0007959531502242199,0.004150218785668027,0.007146289914927184,27.069764670144927,True,True
low_variability,running_median_blind,-0.01352352166178431,0.013719549708041947,0.01745401513753751,24.687984203556656,True,True
low_variability,running_median_masked,0.002966186732910845,0.004358296987801976,0.007746601954686741,26.195216877032315,True,True
m1_regression,robust_spline_blind,-0.004657868427141072,0.005706818295344399,0.009779235453890249,26.866400782856953,True,True
m1_regression,robust_spline_masked,0.0008738228653856446,0.004235177006798823,0.007332928277949121,27.071611577771098,True,True
m1_regression,running_median_blind,-0.29788072888532724,0.29800710168705374,0.3089818584572053,137.60581393669645,True,False
m1_regression,running_median_masked,-0.01462438082442844,0.016884130764390076,0.031349002122443764,269.57656635223424,True,True
moderate_variability,robust_spline_blind,-0.0046153696785098735,0.005697503930527907,0.009601869605733558,26.862252210077095,True,True
moderate_variability,robust_spline_masked,0.0004815787341215911,0.004009847418841099,0.00652694426366111,27.083984591967642,True,True
moderate_variability,running_median_blind,-0.22426945080830613,0.2243383857115704,0.23124401837161257,150.6512950619604,True,False
moderate_variability,running_median_masked,-0.02482443208455484,0.027607584642541247,0.04701327542909299,220.52966067605334,True,False
quiet,robust_spline_blind,-0.004492739152957571,0.005605454269143024,0.009486103552775108,26.86139083513354,True,True
quiet,robust_spline_masked,0.0007831470245766449,0.004147510957387294,0.007143622328292394,27.067213831569056,True,True
quiet,running_median_blind,-0.010968573129222023,0.011116099668607882,0.013747466469490443,16.007265049226046,True,True
quiet,running_median_masked,0.0005431802172761757,0.0018229723339623534,0.004086143478652036,14.97901244794377,True,True
strong_gaps_near_transits,robust_spline_blind,-0.005765799569061111,0.01446965196339124,0.023234617676614777,56.13227442378972,True,True
strong_gaps_near_transits,robust_spline_masked,0.016770004443762466,0.02054498423102357,0.031930054361759976,74.98515483161405,True,True
strong_gaps_near_transits,running_median_blind,0.19031759561594025,0.1930719027582004,0.25393956615698327,1718.946910079298,True,False
strong_gaps_near_transits,running_median_masked,0.3205600144854427,0.32555389487055747,0.4049156317460936,2166.3898207808547,True,False
strong_long_transit,robust_spline_blind,-0.9770479988954778,0.9771577246329388,0.9942255497180568,44.86401805486006,True,False
strong_long_transit,robust_spline_masked,0.00814223516072346,0.03944039495589635,0.06405319924134056,158.87592893670998,True,True
strong_long_transit,running_median_blind,-0.7618982439759463,0.7630734943294363,0.8458020795110953,1264.7391521726236,True,False
strong_long_transit,running_median_masked,-0.25512723112792324,0.2589986589758173,0.33555680783754016,1804.272220984795,True,False
strong_variability,robust_spline_blind,-0.0027450267873856326,0.005716689973857391,0.008689539561253849,28.616340184694348,True,True
strong_variability,robust_spline_masked,0.004507186968029736,0.008913837216658019,0.022591545254964426,33.11704965498497,True,True
strong_variability,running_median_blind,-0.3600409347377236,0.3605971989769119,0.38775224514084383,1253.1734661057978,True,False
strong_variability,running_median_masked,0.16326290373326477,0.16731104957019943,0.20829434042534092,1535.0009610790491,True,False
