case,method,seed,depth_injected_ppm,depth_before_ppm,depth_after_ppm,relative_depth_error,trend_error_rms_ppm
quiet,running_median_blind,0,1000.0,997.4087368519457,984.3526580944895,-0.013089998387886912,16.91755410202563
quiet,running_median_masked,0,1000.0,997.4087368519457,995.7754127416507,-0.0016375674785546732,15.726884075292155
quiet,robust_spline_blind,0,1000.0,997.4087368519457,991.9258480298731,-0.005497133341119379,27.4154118200641
quiet,robust_spline_masked,0,1000.0,997.4087368519457,998.8012866752882,0.0013961676611513169,27.325422397427328
quiet,running_median_blind,1,1000.0,997.9315880862538,989.880864999515,-0.008067409813309744,15.733706108679566
quiet,running_median_masked,1,1000.0,997.9315880862538,1001.2299532290436,0.0033052016612833373,15.643995224427279
quiet,robust_spline_blind,1,1000.0,997.9315880862538,990.8102714083489,-0.007136077024640119,25.938895019014033
quiet,robust_spline_masked,1,1000.0,997.9315880862538,998.3812647663681,0.00045060872456864393,26.653648619845782
quiet,running_median_blind,2,1000.0,1001.018965341438,990.4863678030785,-0.010521876111275372,16.356590453013048
quiet,running_median_masked,2,1000.0,1001.018965341438,1001.1229917966657,0.00010392056377491883,15.015270899804973
quiet,robust_spline_blind,2,1000.0,1001.018965341438,996.2740961737549,-0.004740039231988788,27.1252862707865
quiet,robust_spline_masked,2,1000.0,1001.018965341438,1005.2895791707872,0.004266266651493918,27.139031112757007
quiet,running_median_blind,3,1000.0,994.345980482425,982.7794393444389,-0.011632310448295316,16.394407597290645
quiet,running_median_masked,3,1000.0,994.345980482425,994.6397124197537,0.0002954021468323465,15.083541226841142
quiet,robust_spline_blind,3,1000.0,994.345980482425,984.9135115442831,-0.009486103552775108,27.457571699032087
quiet,robust_spline_masked,3,1000.0,994.345980482425,990.5887240986289,-0.00377862077943263,27.415353168334043
quiet,running_median_blind,4,1000.0,994.7359115159982,983.2316764466498,-0.011565114857284781,16.09793211408126
quiet,running_median_masked,4,1000.0,994.7359115159982,994.8871252509762,0.00015201394986082075,15.016290401487012
quiet,robust_spline_blind,4,1000.0,994.7359115159982,987.7875386897772,-0.006985143238300804,26.68616475388446
quiet,robust_spline_masked,4,1000.0,994.7359115159982,992.1602035326549,-0.002589338490271097,26.63010994528792
quiet,running_median_blind,5,1000.0,998.9608707080544,991.1226143006768,-0.007846409841680665,14.619678332644808
quiet,running_median_masked,5,1000.0,998.9608707080544,1003.0427681553267,0.004086143478652036,14.114404951540338
quiet,robust_spline_blind,5,1000.0,998.9608707080544,1001.8196456645923,0.002861748683420987,26.766095846920333
quiet,robust_spline_masked,5,1000.0,998.9608707080544,1004.8375309528179,0.005882773206720497,26.887968900273155
quiet,running_median_blind,6,1000.0,1006.7870380230381,996.5130056984739,-0.010204772147979475,15.416975072973715
quiet,running_median_masked,6,1000.0,1006.7870380230381,1006.1452016005834,-0.0006375096204208954,14.63248482790886
quiet,robust_spline_blind,6,1000.0,1006.7870380230381,1002.4935690011727,-0.004264525524977211,27.40274531402359
quiet,robust_spline_masked,6,1000.0,1006.7870380230381,1010.0083092755563,0.0031995557460131217,28.096333341871713
quiet,running_median_blind,7,1000.0,1010.520462331077,998.7546512997269,-0.011643317943516585,17.59282564853768
quiet,running_median_masked,7,1000.0,1010.520462331077,1010.8864555864461,0.00036218292356469093,16.14248118441799
quiet,robust_spline_blind,7,1000.0,1010.520462331077,1007.9488845198271,-0.0025448052831289745,27.59337819803425
quiet,robust_spline_masked,7,1000.0,1010.520462331077,1007.3342097509652,-0.003153080713241347,27.81758423130303
quiet,running_median_blind,8,1000.0,1001.5160826092329,990.1317939429166,-0.011367055271500934,15.123768103761343
quiet,running_median_masked,8,1000.0,1001.5160826092329,1002.2409699488311,0.0007237900141450086,14.019246294024281
quiet,robust_spline_blind,8,1000.0,1001.5160826092329,1000.546437389116,-0.0009681773832235304,26.274415737427
quiet,robust_spline_masked,8,1000.0,1001.5160826092329,1008.6705352591041,0.007143622328292394,26.81564640519649
quiet,running_median_blind,9,1000.0,1017.7216236201269,1003.7305297241339,-0.013747466469490443,15.81921295925277
quiet,running_median_masked,9,1000.0,1017.7216236201269,1016.3764241464257,-0.0013217754663758336,14.395525393693674
quiet,robust_spline_blind,9,1000.0,1017.7216236201269,1011.4451963307847,-0.0061671356328427875,25.953943692149036
quiet,robust_spline_masked,9,1000.0,1017.7216236201269,1012.6467709363762,-0.0049864840895283685,25.891040193394126
low_variability,running_median_blind,0,1000.0,997.4087368519457,982.1167894519256,-0.015331675806535546,25.659531340787385
low_variability,running_median_masked,0,1000.0,997.4087368519457,998.2564142489991,0.0008498796588937536,26.65679258565755
low_variability,robust_spline_blind,0,1000.0,997.4087368519457,991.9294510191135,-0.0054935209913302,27.39135725646157
low_variability,robust_spline_masked,0,1000.0,997.4087368519457,998.8012608591612,0.001396141777954128,27.32547390354166
low_variability,running_median_blind,1,1000.0,997.9315880862538,986.0535105941093,-0.011902697172782431,24.150182702612682
low_variability,running_median_masked,1,1000.0,997.9315880862538,1005.5983750004716,0.007682677856625857,26.043740881954914
low_variability,robust_spline_blind,1,1000.0,997.9315880862538,990.8109904733786,-0.007135356469204931,25.93888388163394
low_variability,robust_spline_masked,1,1000.0,997.9315880862538,998.5140523363078,0.0005836715231863107,26.683160038575316
low_variability,running_median_blind,2,1000.0,1001.018965341438,987.2931456631484,-0.013711847780634133,24.71747543806078
low_variability,running_median_masked,2,1000.0,1001.018965341438,1004.5075555309425,0.003485039055493209,26.517686036518164
low_variability,robust_spline_blind,2,1000.0,1001.018965341438,996.2723725609468,-0.004741761090282899,27.125286188072913
low_variability,robust_spline_masked,2,1000.0,1001.018965341438,1005.2842611547596,0.004260954048824366,27.13926038740067
low_variability,running_median_blind,3,1000.0,994.345980482425,981.4867852152576,-0.012932314827610232,26.08757904360733
low_variability,running_median_masked,3,1000.0,994.345980482425,1000.0284029820783,0.005714733715619082,27.87816969907345
low_variability,robust_spline_blind,3,1000.0,994.345980482425,984.9153564843726,-0.00948424812204395,27.457594584782843
low_variability,robust_spline_masked,3,1000.0,994.345980482425,990.5869033529635,-0.003780451878165955,27.415374232374973
low_variability,running_median_blind,4,1000.0,994.7359115159982,980.7117457338866,-0.014098380906685585,24.01212966879099
low_variability,running_median_masked,4,1000.0,994.7359115159982,997.5271346112091,0.002805994096420102,25.255238917091965
low_variability,robust_spline_blind,4,1000.0,994.7359115159982,987.7857822121472,-0.006986909011115152,26.686107660419673
low_variability,robust_spline_masked,4,1000.0,994.7359115159982,992.1578310477796,-0.0025917235302075846,26.629918444673073
low_variability,running_median_blind,5,1000.0,998.9608707080544,990.9173979745223,-0.008051839635951887,23.839714188795718
low_variability,running_median_masked,5,1000.0,998.9608707080544,1006.699422941737,0.007746601954686741,25.747782245236486
low_variability,robust_spline_blind,5,1000.0,998.9608707080544,1001.8190515683756,0.0028611539692193736,26.7660765713417
low_variability,robust_spline_masked,5,1000.0,998.9608707080544,1004.8399211106673,0.005885165850836502,26.88813553594821
low_variability,running_median_blind,6,1000.0,1006.7870380230381,993.0912254828561,-0.013603485169093566,26.025719699004192
low_variability,running_median_masked,6,1000.0,1006.7870380230381,1007.1976376526682,0.0004078316606421934,26.81958253939215
low_variability,robust_spline_blind,6,1000.0,1006.7870380230381,1002.4938446098197,-0.004264251774286542,27.40273098484843
low_variability,robust_spline_masked,6,1000.0,1006.7870380230381,1010.0104790395914,0.0032017108830512085,28.092281390325226
low_variability,running_median_blind,7,1000.0,1010.520462331077,995.6625993405854,-0.014703178752281165,24.120512504924605
low_variability,running_median_masked,7,1000.0,1010.520462331077,1009.5424708926881,-0.0009678096335950573,25.19389904388687
low_variability,robust_spline_blind,7,1000.0,1010.520462331077,1007.9491247467764,-0.002544567557166563,27.593320096513047
low_variability,robust_spline_masked,7,1000.0,1010.520462331077,1007.3341024106064,-0.003153186936086727,27.81756548637092
low_variability,running_median_blind,8,1000.0,1001.5160826092329,988.0499162651101,-0.013445781428731032,23.954999208369927
low_variability,running_median_masked,8,1000.0,1001.5160826092329,1005.1859980437782,0.0036643599621328645,25.46705011142391
low_variability,robust_spline_blind,8,1000.0,1001.5160826092329,1000.5479642545279,-0.0009666528291615478,26.274430532818926
low_variability,robust_spline_masked,8,1000.0,1001.5160826092329,1008.6732068900207,0.007146289914927184,26.81544026190942
low_variability,running_median_blind,9,1000.0,1017.7216236201269,999.9582949956621,-0.01745401513753751,24.31199824061295
low_variability,running_median_masked,9,1000.0,1017.7216236201269,1015.9635695631275,-0.0017274409978102988,26.372226710087688
low_variability,robust_spline_blind,9,1000.0,1017.7216236201269,1011.443770913445,-0.006168536229338563,25.95388623108132
low_variability,robust_spline_masked,9,1000.0,1017.7216236201269,1012.6441695762489,-0.0049890401520772355,25.8910370203298
moderate_variability,running_median_blind,0,1000.0,997.4087368519457,766.7639325833475,-0.23124401837161257,151.60969922163372
moderate_variability,running_median_masked,0,1000.0,997.4087368519457,978.2624827719966,-0.019195995956862402,220.35332614546013
moderate_variability,robust_spline_blind,0,1000.0,997.4087368519457,992.1424396980294,-0.005279978968840813,27.397908332502187
moderate_variability,robust_spline_masked,0,1000.0,997.4087368519457,998.5413864554981,0.0011355922218280559,27.327190486518884
moderate_variability,running_median_blind,1,1000.0,997.9315880862538,770.2009724898096,-0.2282026326405462,149.8922868435961
moderate_variability,running_median_masked,1,1000.0,997.9315880862538,977.6715537419544,-0.020302027299438707,222.52383533095048
moderate_variability,robust_spline_blind,1,1000.0,997.9315880862538,990.7085690011863,-0.007237990230291419,25.962891983638993
moderate_variability,robust_spline_masked,1,1000.0,997.9315880862538,997.7617891041568,-0.0001701509242959623,26.591881082269023
moderate_variability,running_median_blind,2,1000.0,1001.018965341438,773.6216751502711,-0.22716581609780379,151.75631631525243
moderate_variability,running_median_masked,2,1000.0,1001.018965341438,954.9780633169025,-0.04599403569624825,223.0351132960408
moderate_variability,robust_spline_blind,2,1000.0,1001.018965341438,995.8638431943889,-0.005149874603315631,27.133566326385274
moderate_variability,robust_spline_masked,2,1000.0,1001.018965341438,1004.8511469784582,0.0038282807516169565,27.162432567253106
moderate_variability,running_median_blind,3,1000.0,994.345980482425,764.8018057090367,-0.23084940179676783,148.60074593966334
moderate_variability,running_median_masked,3,1000.0,994.345980482425,963.6463955569052,-0.030874147960678,218.98527285500438
moderate_variability,robust_spline_blind,3,1000.0,994.345980482425,984.7984000348475,-0.009601869605733558,27.44167965024071
moderate_variability,robust_spline_masked,3,1000.0,994.345980482425,990.7472828575292,-0.00361916042859636,27.415522705511204
moderate_variability,running_median_blind,4,1000.0,994.7359115159982,772.377258002832,-0.22353536344564748,150.1025288549595
moderate_variability,running_median_masked,4,1000.0,994.7359115159982,980.2171058340692,-0.014595638414020883,217.87671388747995
moderate_variability,robust_spline_blind,4,1000.0,994.7359115159982,987.6295328758999,-0.00714398521037403,26.69146503612886
moderate_variability,robust_spline_masked,4,1000.0,994.7359115159982,991.8494135288114,-0.0029017731779560282,26.64429187114845
moderate_variability,running_median_blind,5,1000.0,998.9608707080544,781.3658305806381,-0.2178213847086792,152.17103640122272
moderate_variability,running_median_masked,5,1000.0,998.9608707080544,988.3988807843913,-0.010572976613365087,221.3863554784152
moderate_variability,robust_spline_blind,5,1000.0,998.9608707080544,1001.6800804587556,0.002722038300432946,26.770900921509355
moderate_variability,robust_spline_masked,5,1000.0,998.9608707080544,1004.617014593423,0.005662027463958214,26.895550468611603
moderate_variability,running_median_blind,6,1000.0,1006.7870380231492,784.1335895401036,-0.22115247820455758,149.7312107345085
moderate_variability,running_median_masked,6,1000.0,1006.7870380231492,981.1410063881309,-0.025473144435167565,218.83925565960178
moderate_variability,robust_spline_blind,6,1000.0,1006.7870380231492,1002.2988829356816,-0.0044578991563898,27.41298500825753
moderate_variability,robust_spline_masked,6,1000.0,1006.7870380231492,1009.8297581870863,0.0030222083211476334,28.067637158050427
moderate_variability,running_median_blind,7,1000.0,1010.520462331077,782.1292436498428,-0.22601345266614342,150.81710546144518
moderate_variability,running_median_masked,7,1000.0,1010.520462331077,992.0109886993878,-0.018316772714321392,220.63404100639164
moderate_variability,robust_spline_blind,7,1000.0,1010.520462331077,1007.8364413739216,-0.00265607779080886,27.614464621121094
moderate_variability,robust_spline_masked,7,1000.0,1010.520462331077,1007.1344608241217,-0.003350750067093626,27.876548233014784
moderate_variability,running_median_blind,8,1000.0,1001.5160826092329,776.9640139948519,-0.22421214448135393,151.83670232552097
moderate_variability,running_median_masked,8,1000.0,1001.5160826092329,985.5856610084812,-0.015906306326353127,220.96964460828588
moderate_variability,robust_spline_blind,8,1000.0,1001.5160826092329,1000.4153721293596,-0.0010990442380172216,26.24008500756745
moderate_variability,robust_spline_masked,8,1000.0,1001.5160826092329,1008.0529222595835,0.00652694426366111,26.91573849607992
moderate_variability,running_median_blind,9,1000.0,1017.7216236201269,801.4580016407757,-0.21249781566994927,149.99531852180172
moderate_variability,running_median_masked,9,1000.0,1017.7216236201269,969.8751966187302,-0.04701327542909299,220.69304849290313
moderate_variability,robust_spline_blind,9,1000.0,1017.7216236201269,1011.3618656415468,-0.006249015281760349,25.956575213419487
moderate_variability,robust_spline_masked,9,1000.0,1017.7216236201269,1012.309959024793,-0.005317431083054083,25.943052851218994
m1_regression,running_median_blind,0,1000.0,997.4087368519457,689.227531697978,-0.3089818584572053,139.16462502666985
m1_regression,running_median_masked,0,1000.0,997.4087368519457,997.0231124376561,-0.0003866262646814258,270.0917839153609
m1_regression,robust_spline_blind,0,1000.0,997.4087368519457,991.7983874182523,-0.005624925094802155,27.371589473586145
m1_regression,robust_spline_masked,0,1000.0,997.4087368519457,998.7921096495933,0.001386966793587351,27.281211774380235
m1_regression,running_median_blind,1,1000.0,997.9315880862538,693.6590502644169,-0.30490320323995784,136.4885521160859
m1_regression,running_median_masked,1,1000.0,997.9315880862538,980.3531444093627,-0.017614878501442673,269.3249105893852
m1_regression,robust_spline_blind,1,1000.0,997.9315880862538,990.8577169142063,-0.007088533178524942,25.95251627316382
m1_regression,robust_spline_masked,1,1000.0,997.9315880862538,998.4586084736957,0.0005281127421295229,26.638060531720775
m1_regression,running_median_blind,2,1000.0,1001.018965341438,715.124724925853,-0.2856032206323576,136.51253127402268
m1_regression,running_median_masked,2,1000.0,1001.018965341438,980.2046484796989,-0.020793129383557298,271.0091035985824
m1_regression,robust_spline_blind,2,1000.0,1001.018965341438,996.6356294388579,-0.004378873981758284,27.22661064535951
m1_regression,robust_spline_masked,2,1000.0,1001.018965341438,1005.5730926414874,0.0045494915258633166,27.233512748624143
m1_regression,running_median_blind,3,1000.0,994.345980482425,699.6563492764895,-0.29636528631911546,138.77695760843238
m1_regression,running_median_masked,3,1000.0,994.345980482425,976.4904205082914,-0.017957089709831918,269.95361346215486
m1_regression,robust_spline_blind,3,1000.0,994.345980482425,984.622037016658,-0.009779235453890249,27.44284160701259
m1_regression,robust_spline_masked,3,1000.0,994.345980482425,990.509972075837,-0.0038578205995532192,27.33575719564564
m1_regression,running_median_blind,4,1000.0,994.7359115161091,690.5284194670403,-0.30581734159513396,137.62813180933978
m1_regression,running_median_masked,4,1000.0,994.7359115161091,985.5120779982407,-0.00927264554449446,269.53648188178215
m1_regression,robust_spline_blind,4,1000.0,994.7359115161091,987.7660597717996,-0.007006735821657985,26.66823333877861
m1_regression,robust_spline_masked,4,1000.0,994.7359115161091,992.47369272637,-0.002274190328859526,26.659918493012697
m1_regression,running_median_blind,5,1000.0,998.9608707080544,713.0645310419181,-0.28619373195618314,138.74035715354506
m1_regression,running_median_masked,5,1000.0,998.9608707080544,986.4022154053575,-0.012571718944101765,270.4648724931978
m1_regression,robust_spline_blind,5,1000.0,998.9608707080544,1001.7970033240342,0.0028390827900692337,26.794578797899582
m1_regression,robust_spline_masked,5,1000.0,998.9608707080544,1005.0505686455269,0.0060960325034114405,27.040418968510533
m1_regression,running_median_blind,6,1000.0,1006.7870380230381,705.2347820025728,-0.2995194064204519,138.36418427172836
m1_regression,running_median_masked,6,1000.0,1006.7870380230381,990.000313056183,-0.016673560875215654,269.8087967825546
m1_regression,robust_spline_blind,6,1000.0,1006.7870380230381,1002.496741629777,-0.004261374283965502,27.41808712128035
m1_regression,robust_spline_masked,6,1000.0,1006.7870380230381,1009.991699483459,0.003183057925252643,28.061948428207746
m1_regression,running_median_blind,7,1000.0,1010.520462331077,713.0340550340896,-0.29438929579985273,135.37177728711507
m1_regression,running_median_masked,7,1000.0,1010.520462331077,1007.3123668479234,-0.00317469621125063,266.28432095336126
m1_regression,robust_spline_blind,7,1000.0,1010.520462331077,1006.8401726691656,-0.0036419744073482195,27.607261114205244
m1_regression,robust_spline_masked,7,1000.0,1010.520462331077,1007.2988067376665,-0.0031881151480879924,27.88136903618621
m1_regression,running_median_blind,8,1000.0,1001.5160826092329,692.2305428143094,-0.3088173471854262,136.99773237917412
m1_regression,running_median_masked,8,1000.0,1001.5160826092329,985.0406816646063,-0.016450460687264797,267.9515297636913
m1_regression,robust_spline_blind,8,1000.0,1001.5160826092329,1000.0674911319063,-0.0014463986175365007,26.257328543537128
m1_regression,robust_spline_masked,8,1000.0,1001.5160826092329,1008.8601282122189,0.007332928277949121,26.706999978981617
m1_regression,running_median_blind,9,1000.0,1017.7216236201269,724.3973603150433,-0.2882165972475882,138.01329044085116
m1_regression,running_median_masked,9,1000.0,1017.7216236201269,985.8170662812026,-0.031349002122443764,271.34025008227184
m1_regression,robust_spline_blind,9,1000.0,1017.7216236201269,1011.4222155769293,-0.00618971622199612,25.924960913746553
m1_regression,robust_spline_masked,9,1000.0,1017.7216236201269,1012.6144573097129,-0.005018235037836213,25.876918622441394
strong_variability,running_median_blind,0,1000.0,997.4087368519457,614.9677830039612,-0.3834345336246574,1249.1864537566391
strong_variability,running_median_masked,0,1000.0,997.4087368519457,1100.7235185729326,0.10358319303184796,1527.9375179992878
strong_variability,robust_spline_blind,0,1000.0,997.4087368519457,992.8932082189368,-0.0045272599548917426,29.188309033963368
strong_variability,robust_spline_masked,0,1000.0,997.4087368519457,998.5513497033916,0.001145581354192006,29.584464462584403
strong_variability,running_median_blind,1,1000.0,997.9315880860318,642.2290744462211,-0.35643977792307896,1247.5768045549853
strong_variability,running_median_masked,1,1000.0,997.9315880860318,1146.6983708697808,0.1490751315619482,1531.5682789511955
strong_variability,robust_spline_blind,1,1000.0,997.9315880860318,994.7021455457561,-0.0032361362029530963,27.778784083677877
strong_variability,robust_spline_masked,1,1000.0,997.9315880860318,1001.2570231202611,0.0033323276604634777,30.918602215247137
strong_variability,running_median_blind,2,1000.0,1001.018965341438,647.8281846942214,-0.352831257824118,1248.6262587138424
strong_variability,running_median_masked,2,1000.0,1001.018965341438,1188.4133391349972,0.18720361979319802,1537.3840205478132
strong_variability,robust_spline_blind,2,1000.0,1001.018965341438,993.3294089695677,-0.0076817289563016165,28.956435830364935
strong_variability,robust_spline_masked,2,1000.0,1001.018965341438,1008.2685470523822,0.007242202157949503,31.48864312487529
strong_variability,running_median_blind,3,1000.0,994.345980482425,658.4682358400373,-0.33778760233880617,1252.9991824932513
strong_variability,running_median_masked,3,1000.0,994.345980482425,1178.1753095168046,0.18487461370859204,1531.2879835288952
strong_variability,robust_spline_blind,3,1000.0,994.345980482425,986.833506418705,-0.007555191262577646,29.06872881117781
strong_variability,robust_spline_masked,3,1000.0,994.345980482425,993.2207970296813,-0.001131581436270102,30.62940254262334
strong_variability,running_median_blind,4,1000.0,994.7359115159982,609.0248285034461,-0.38775224514084383,1258.8326180406664
strong_variability,running_median_masked,4,1000.0,994.7359115159982,1127.9551066059046,0.13392418384380797,1538.1613657920486
strong_variability,robust_spline_blind,4,1000.0,994.7359115159982,986.09211445988,-0.008689539561253849,28.681879446453255
strong_variability,robust_spline_masked,4,1000.0,994.7359115159982,991.7024921054507,-0.0030494721015193594,38.834923183810844
strong_variability,running_median_blind,5,1000.0,998.9608707080544,638.4646660811954,-0.3608711964577176,1248.1274473004123
strong_variability,running_median_masked,5,1000.0,998.9608707080544,1196.1357585008602,0.19737999112322602,1538.2656134639863
strong_variability,robust_spline_blind,5,1000.0,998.9608707080544,1003.8350530395812,0.004879252505728312,28.33814896315804
strong_variability,robust_spline_masked,5,1000.0,998.9608707080544,1010.3061675950098,0.011357098380554145,35.424424465620476
strong_variability,running_median_blind,6,1000.0,1006.7870380230381,620.7806848964603,-0.38340417441662067,1258.9955935337455
strong_variability,running_median_masked,6,1000.0,1006.7870380230381,1113.8167357404027,0.10630818005715668,1539.3266611241465
strong_variability,robust_spline_blind,6,1000.0,1006.7870380230381,1011.9501976212364,0.005128353269562151,29.07439748846927
strong_variability,robust_spline_masked,6,1000.0,1006.7870380230381,1015.1074066483412,0.008264278651859898,32.133436976383166
strong_variability,running_median_blind,7,1000.0,1010.520462331077,663.8467937764015,-0.3430644717029934,1261.4635180943474
strong_variability,running_median_masked,7,1000.0,1010.520462331077,1211.688340716277,0.19907353278244783,1535.7866466299492
strong_variability,robust_spline_blind,7,1000.0,1010.520462331077,1008.2070326364878,-0.0022893447295986606,29.203530262049412
strong_variability,robust_spline_masked,7,1000.0,1010.520462331077,1007.6468494563118,-0.0028436958793851747,29.78279381845877
strong_variability,running_median_blind,8,1000.0,1001.5160826092329,675.7424036087922,-0.3252805268505604,1253.67496371464
strong_variability,running_median_masked,8,1000.0,1001.5160826092329,1164.6753220448948,0.16291225100508203,1530.202436399334
strong_variability,robust_spline_blind,8,1000.0,1001.5160826092329,1004.4093012533394,0.0028888389256505782,28.405011808145982
strong_variability,robust_spline_masked,8,1000.0,1001.5160826092329,1024.141878513074,0.022591545254964426,34.05061858815442
strong_variability,running_median_blind,9,1000.0,1017.7216236201269,641.6291506212701,-0.36954356109783953,1252.2518208554488
strong_variability,running_median_masked,9,1000.0,1017.7216236201269,1229.7072779486884,0.20829434042534092,1540.0890863538355
strong_variability,robust_spline_blind,9,1000.0,1017.7216236201269,1011.2412690634898,-0.006367511907220759,27.468176119483555
strong_variability,robust_spline_masked,9,1000.0,1017.7216236201269,1015.8526650134725,-0.001836414362511457,38.32318717209188
strong_long_transit,running_median_blind,0,1000.0,998.8402694609543,223.73558577337693,-0.7760046399669883,1260.0514747335437
strong_long_transit,running_median_masked,0,1000.0,998.8402694609543,765.1662242531554,-0.23394535878484976,1794.9446131946368
strong_long_transit,robust_spline_blind,0,1000.0,998.8402694609543,5.767753475605097,-0.9942255497180568,41.407947288586485
strong_long_transit,robust_spline_masked,0,1000.0,998.8402694609543,1030.2191918132307,0.03141535569967636,159.34943352883485
strong_long_transit,running_median_blind,1,1000.0,990.4856752438462,249.10386747156733,-0.7485033113575915,1255.778785257424
strong_long_transit,running_median_masked,1,1000.0,990.4856752438462,771.966289530468,-0.22061842101813464,1807.7534221270964
strong_long_transit,robust_spline_blind,1,1000.0,990.4856752438462,17.071299736826084,-0.9827647181948156,42.64724880223458
strong_long_transit,robust_spline_masked,1,1000.0,990.4856752438462,1001.7363333711949,0.011358728761603562,165.07650393161532
strong_long_transit,running_median_blind,2,1000.0,1003.727981989111,279.0376738522893,-0.7219987099499668,1262.6210771792255
strong_long_transit,running_median_masked,2,1000.0,1003.727981989111,742.9412296419135,-0.25981815494511795,1839.908244520223
strong_long_transit,robust_spline_blind,2,1000.0,1003.727981989111,9.077644502752946,-0.9909560711012922,43.152310975441814
strong_long_transit,robust_spline_masked,2,1000.0,1003.727981989111,964.890434831056,-0.038693299235406,177.62581353842276
strong_long_transit,running_median_blind,3,1000.0,1004.5759916171849,312.66841684640667,-0.6887558338487989,1267.1219840661013
strong_long_transit,running_median_masked,3,1000.0,1004.5759916171849,667.4836786398907,-0.33555680783754016,1852.1782582791275
strong_long_transit,robust_spline_blind,3,1000.0,1004.5759916171849,34.26784754168022,-0.9658882475515713,47.94022909337986
strong_long_transit,robust_spline_masked,3,1000.0,1004.5759916171849,980.1555992041689,-0.02430915392841867,174.37456321390977
strong_long_transit,running_median_blind,4,1000.0,989.1279924946206,152.52147954003536,-0.8458020795110953,1267.8053527307309
strong_long_transit,running_median_masked,4,1000.0,989.1279924946206,718.1422068867072,-0.2739643278363565,1763.753358054122
strong_long_transit,robust_spline_blind,4,1000.0,989.1279924946206,24.069918093339027,-0.9756655172273169,40.90776194215398
strong_long_transit,robust_spline_masked,4,1000.0,989.1279924946206,1036.6918797711787,0.04808668608862258,123.70925229803878
strong_long_transit,running_median_blind,5,1000.0,997.3508366729611,216.88786112217252,-0.7825360413335757,1261.7954099998108
strong_long_transit,running_median_masked,5,1000.0,997.3508366729611,786.617184520999,-0.21129340288613324,1769.6004329011828
strong_long_transit,robust_spline_blind,5,1000.0,997.3508366729611,58.840547281113764,-0.9410031604551529,52.94449010183275
strong_long_transit,robust_spline_masked,5,1000.0,997.3508366729611,1016.4950367347325,0.019195050886640957,158.09319637434376
strong_long_transit,running_median_blind,6,1000.0,994.0716407297323,240.9884176952648,-0.7575743962292708,1267.552426074185
strong_long_transit,running_median_masked,6,1000.0,994.0716407297323,723.8539322389493,-0.2718292097060736,1805.9295967116352
strong_long_transit,robust_spline_blind,6,1000.0,994.0716407297323,30.019890448373943,-0.9698010795013358,44.6328183313119
strong_long_transit,robust_spline_masked,6,1000.0,994.0716407297323,989.5917081241823,-0.0045066496437433535,153.23122596825428
strong_long_transit,running_median_blind,7,1000.0,1003.7845377813826,250.80168001245795,-0.7501439098008094,1267.8436636687904
strong_long_transit,running_median_masked,7,1000.0,1003.7845377813826,728.0210439684076,-0.27472379124556146,1804.8794036468712
strong_long_transit,robust_spline_blind,7,1000.0,1003.7845377813826,20.336365257889177,-0.979740308310748,45.32980552969327
strong_long_transit,robust_spline_masked,7,1000.0,1003.7845377813826,1042.4813596291438,0.038550924417794875,168.94773847701006
strong_long_transit,running_median_blind,8,1000.0,1001.2047822894888,263.19043854805545,-0.7371262670697507,1270.396718475623
strong_long_transit,running_median_masked,8,1000.0,1001.2047822894888,702.8197556800952,-0.2980259701986904,1837.7246597593198
strong_long_transit,robust_spline_blind,8,1000.0,1001.2047822894888,13.358270291807806,-0.9866578041494558,46.33001460180891
strong_long_transit,robust_spline_masked,8,1000.0,1001.2047822894888,937.3995126517043,-0.06372849068087627,176.33760585670788
strong_long_transit,running_median_blind,9,1000.0,1007.5776020238569,190.89842262098867,-0.8105372506916161,1266.4246295407995
strong_long_transit,running_median_masked,9,1000.0,1007.5776020238569,834.781200197976,-0.17149686682077472,1766.0502206537376
strong_long_transit,robust_spline_blind,9,1000.0,1007.5776020238569,16.345394655670198,-0.983777532745033,43.34755388215706
strong_long_transit,robust_spline_masked,9,1000.0,1007.5776020238569,1072.1161709174032,0.06405319924134056,132.01395617996255
strong_gaps_near_transits,running_median_blind,0,1000.0,1001.908231917703,1189.4140955647226,0.18714874044714033,1720.0035965394566
strong_gaps_near_transits,running_median_masked,0,1000.0,1001.908231917703,1277.861521788326,0.275427709923527,2158.0234935788826
strong_gaps_near_transits,robust_spline_blind,0,1000.0,1001.908231917703,989.9705466563935,-0.011914948775757862,56.411779551739734
strong_gaps_near_transits,robust_spline_masked,0,1000.0,1001.908231917703,994.5197367975389,-0.007374423010800298,63.04953484724739
strong_gaps_near_transits,running_median_blind,1,1000.0,972.4337879892797,1197.0960320725198,0.2310308905943907,1719.5885788462142
strong_gaps_near_transits,running_median_masked,1,1000.0,972.4337879892797,1351.4731418373672,0.3897842285301856,2168.424468355595
strong_gaps_near_transits,robust_spline_blind,1,1000.0,972.4337879892797,968.4403690081167,-0.004106623022036576,56.372067276041186
strong_gaps_near_transits,robust_spline_masked,1,1000.0,972.4337879892797,972.0449519008412,-0.0003998586775173061,70.8439290007797
strong_gaps_near_transits,running_median_blind,2,1000.0,1013.4350785343527,1173.591543393915,0.15803327539360804,1709.0357334243768
strong_gaps_near_transits,running_median_masked,2,1000.0,1013.4350785343527,1336.1591457989875,0.31844572395437887,2165.3346312849335
strong_gaps_near_transits,robust_spline_blind,2,1000.0,1013.4350785343527,1033.354885029425,0.019655730215970686,59.350416892018
strong_gaps_near_transits,robust_spline_masked,2,1000.0,1013.4350785343527,1035.5035386406807,0.02177589919054698,78.53607811512468
strong_gaps_near_transits,running_median_blind,3,1000.0,1008.4294564312036,1170.4332339903533,0.16064958884925432,1703.3908221263866
strong_gaps_near_transits,running_median_masked,3,1000.0,1008.4294564312036,1383.2935379010091,0.3717305946183251,2170.6920659242924
strong_gaps_near_transits,robust_spline_blind,3,1000.0,1008.4294564312036,1019.2562382707049,0.010736280828028334,59.58152017730212
strong_gaps_near_transits,robust_spline_masked,3,1000.0,1008.4294564312036,1033.4036582707595,0.02476544261999132,76.08206792391647
strong_gaps_near_transits,running_median_blind,4,1000.0,1007.8508106726724,1173.098932103156,0.1639608954823299,1722.4845267359633
strong_gaps_near_transits,running_median_masked,4,1000.0,1007.8508106726724,1237.2983172959096,0.22766018957716208,2163.7453586876536
strong_gaps_near_transits,robust_spline_blind,4,1000.0,1007.8508106726724,1009.8804907650027,0.002013869583510692,52.06227957691234
strong_gaps_near_transits,robust_spline_masked,4,1000.0,1007.8508106726724,1018.1114576724992,0.010180720093858406,81.27384470276047
strong_gaps_near_transits,running_median_blind,5,1000.0,1005.4968708845813,1216.2498140929622,0.2096007947025952,1732.1277934516636
strong_gaps_near_transits,running_median_masked,5,1000.0,1005.4968708845813,1282.77819401057,0.2757654759104835,2181.6868983807167
strong_gaps_near_transits,robust_spline_blind,5,1000.0,1005.4968708845813,988.875216687779,-0.016530786597256597,54.16140032742246
strong_gaps_near_transits,robust_spline_masked,5,1000.0,1005.4968708845813,1021.3044866416166,0.01572119835950219,79.47028785098327
strong_gaps_near_transits,running_median_blind,6,1000.0,1008.425307057581,1160.8378672475217,0.15113916630539093,1717.7008738549405
strong_gaps_near_transits,running_median_masked,6,1000.0,1008.425307057581,1274.0536783356627,0.26340906899008854,2160.3900045916557
strong_gaps_near_transits,robust_spline_blind,6,1000.0,1008.425307057581,984.9949305926752,-0.023234617676614777,56.319189971882324
strong_gaps_near_transits,robust_spline_masked,6,1000.0,1008.425307057581,1032.902551816095,0.024272739475305862,72.51331627812938
strong_gaps_near_transits,running_median_blind,7,1000.0,1010.6693435466551,1267.3182781750559,0.25393956615698327,1722.901401332327
strong_gaps_near_transits,running_median_masked,7,1000.0,1010.6693435466551,1419.9051592752587,0.4049156317460936,2165.5464451998773
strong_gaps_near_transits,robust_spline_blind,7,1000.0,1010.6693435466551,992.8702841717208,-0.017611159860131616,58.22044963095982
strong_gaps_near_transits,robust_spline_masked,7,1000.0,1010.6693435466551,1030.9086364066466,0.020025632507034867,68.35911289690846
strong_gaps_near_transits,running_median_blind,8,1000.0,1018.49117516295,1203.5287057595713,0.18167808922548276,1714.0306202100808
strong_gaps_near_transits,running_median_masked,8,1000.0,1018.49117516295,1387.8600062869896,0.3626627703130993,2157.6353154176436
strong_gaps_near_transits,robust_spline_blind,8,1000.0,1018.49117516295,1000.6955780099692,-0.01747250991166782,56.95434229668982
strong_gaps_near_transits,robust_spline_masked,8,1000.0,1018.49117516295,1051.0116537528756,0.031930054361759976,78.20985803094959
strong_gaps_near_transits,running_median_blind,9,1000.0,1021.263309677889,1231.6383930728314,0.2059949490022272,1728.2051542715712
strong_gaps_near_transits,running_median_masked,9,1000.0,1021.263309677889,1343.7769876135653,0.31579875129108337,2172.4195263872957
strong_gaps_near_transits,robust_spline_blind,9,1000.0,1021.263309677889,1022.0872337934894,0.0008067695253444232,51.88929853692932
strong_gaps_near_transits,robust_spline_masked,9,1000.0,1021.263309677889,1048.6358620200865,0.02680263951794265,81.51351866934117
extreme_fast_rotator,running_median_blind,0,1000.0,997.4087368519457,2564.5771511690896,1.5712399103936991,6544.237013094161
extreme_fast_rotator,running_median_masked,0,1000.0,997.4087368519457,3267.3027293741443,2.2757911663041095,6591.397477879352
extreme_fast_rotator,robust_spline_blind,0,1000.0,997.4087368519457,1869.997789992972,0.8748560353452693,860.5102781945335
extreme_fast_rotator,robust_spline_masked,0,1000.0,997.4087368519457,1780.0604508723118,0.7846850394459116,2669.5348046955787
extreme_fast_rotator,running_median_blind,1,1000.0,997.9315880862538,2844.438073262401,1.8503337375232467,6535.5613420560185
extreme_fast_rotator,running_median_masked,1,1000.0,997.9315880862538,3606.3312315768317,2.61380607110828,6593.349585408497
extreme_fast_rotator,robust_spline_blind,1,1000.0,997.9315880862538,1872.4208327430824,0.8763017977353016,762.237513967718
extreme_fast_rotator,robust_spline_masked,1,1000.0,997.9315880862538,1674.7141264290556,0.6781853049071993,3274.32752177086
extreme_fast_rotator,running_median_blind,2,1000.0,1001.018965341438,2736.008904874798,1.7332238445068535,6529.803302412174
extreme_fast_rotator,running_median_masked,2,1000.0,1001.018965341438,3588.3615613897523,2.5847088672948333,6608.415915222848
extreme_fast_rotator,robust_spline_blind,2,1000.0,1001.018965341438,1897.1131843589228,0.8951820595245521,943.7652308483135
extreme_fast_rotator,robust_spline_masked,2,1000.0,1001.018965341438,1771.9626760714923,0.7701589454572348,2924.8060575277964
extreme_fast_rotator,running_median_blind,3,1000.0,994.345980482425,2648.836519594466,1.6638982523058372,6542.246540153529
extreme_fast_rotator,running_median_masked,3,1000.0,994.345980482425,3502.875840861508,2.5227937856821465,6611.11870842133
extreme_fast_rotator,robust_spline_blind,3,1000.0,994.345980482425,1829.8613036803467,0.8402662047193636,1023.4960757012182
extreme_fast_rotator,robust_spline_masked,3,1000.0,994.345980482425,1884.9635503486172,0.8956817720871089,3175.5091485925545
extreme_fast_rotator,running_median_blind,4,1000.0,994.7359115159982,2473.869661302697,1.4869612453545262,6544.894234837384
extreme_fast_rotator,running_median_masked,4,1000.0,994.7359115159982,3189.35465715231,2.206232548990483,6588.856830157205
extreme_fast_rotator,robust_spline_blind,4,1000.0,994.7359115159982,1129.9850412431756,0.13596486078506498,966.4719072435672
extreme_fast_rotator,robust_spline_masked,4,1000.0,994.7359115159982,1198.5215886947121,0.2048640999279299,3533.998197700268
extreme_fast_rotator,running_median_blind,5,1000.0,998.9608707080544,2563.789897328195,1.5664567777424592,6537.14452374972
extreme_fast_rotator,running_median_masked,5,1000.0,998.9608707080544,3272.3145528679165,2.2757184478592536,6600.668656517355
extreme_fast_rotator,robust_spline_blind,5,1000.0,998.9608707080544,1914.2685161043228,0.9162597577495769,1093.039296936984
extreme_fast_rotator,robust_spline_masked,5,1000.0,998.9608707080544,711.601377005322,-0.28765840798053943,3339.859438553713
extreme_fast_rotator,running_median_blind,6,1000.0,1006.7870380230381,2560.8122275847522,1.5435490633781417,6539.711669993182
extreme_fast_rotator,running_median_masked,6,1000.0,1006.7870380230381,3369.070337603475,2.3463584753922713,6593.296779035694
extreme_fast_rotator,robust_spline_blind,6,1000.0,1006.7870380230381,1952.0856508784545,0.9389260858102002,1109.379139539745
extreme_fast_rotator,robust_spline_masked,6,1000.0,1006.7870380230381,1330.5984667721925,0.32162852372931,2815.748102860107
extreme_fast_rotator,running_median_blind,7,1000.0,1010.520462331077,2477.2604450763456,1.45146984887548,6544.828216022111
extreme_fast_rotator,running_median_masked,7,1000.0,1010.520462331077,3173.727542551741,2.1406860730267248,6597.1698936461835
extreme_fast_rotator,robust_spline_blind,7,1000.0,1010.520462331077,1838.1909804091601,0.819053694537571,844.3665544971425
extreme_fast_rotator,robust_spline_masked,7,1000.0,1010.520462331077,1054.950485278705,0.043967464889465416,2942.1828332723235
extreme_fast_rotator,running_median_blind,8,1000.0,1001.5160826092329,2339.7437179667468,1.3362018429809457,6534.912704516793
extreme_fast_rotator,running_median_masked,8,1000.0,1001.5160826092329,3166.523343140937,2.1617298994253265,6607.526909828591
extreme_fast_rotator,robust_spline_blind,8,1000.0,1001.5160826092329,1685.6128318935016,0.683061172120175,1023.4470443446064
extreme_fast_rotator,robust_spline_masked,8,1000.0,1001.5160826092329,1266.301377970458,0.26438446666915666,3190.4757995846094
extreme_fast_rotator,running_median_blind,9,1000.0,1017.7216236201269,2819.7644211920283,1.7706637608444178,6530.688234790408
extreme_fast_rotator,running_median_masked,9,1000.0,1017.7216236201269,3512.836721217716,2.451667567720769,6592.904151667858
extreme_fast_rotator,robust_spline_blind,9,1000.0,1017.7216236201269,1245.381040882454,0.22369517555549429,588.9340108099927
extreme_fast_rotator,robust_spline_masked,9,1000.0,1017.7216236201269,1817.0879759143997,0.7854469569496373,3643.937951959808
